{"cameraMode":{"drawMode":0,"name":"Shaded","section":"Shading Mode"},"sceneLighting":true,"audioPlay":false,"sceneViewState":{"showFog":true,"showMaterialUpdate":true,"showSkybox":true,"showFlares":true,"showImageEffects":true,"showParticleSystems":true},"in2DMode":false,"pivot":{"x":143.3975830078125,"y":-30.60761260986328,"z":202.20855712890626},"rotation":{"x":0.19909489154815675,"y":0.36482447385787966,"z":-0.08017189800739289,"w":0.9060004949569702},"size":205.1739044189453,"orthographic":false}